Link Name,Center of Mass X,Center of Mass Y,Center of Mass Z,Center of Mass Roll,Center of Mass Pitch,Center of Mass Yaw,Mass,Moment Ixx,Moment Ixy,Moment Ixz,Moment Iyy,Moment Iyz,Moment Izz,Visual X,Visual Y,Visual Z,Visual Roll,Visual Pitch,Visual Yaw,Mesh Filename,Color Red,Color Green,Color Blue,Color Alpha,Collision X,Collision Y,Collision Z,Collision Roll,Collision Pitch,Collision Yaw,Collision Mesh Filename,Material Name,SW Components,Coordinate System,Axis Name,Joint Name,Joint Type,Joint Origin X,Joint Origin Y,Joint Origin Z,Joint Origin Roll,Joint Origin Pitch,Joint Origin Yaw,Parent,Joint Axis X,Joint Axis Y,Joint Axis Z,Limit Effort,Limit Velocity,Limit Lower,Limit Upper,Calibration rising,Calibration falling,Dynamics Damping,Dynamics Friction,Safety Soft Upper,Safety Soft Lower,Safety K Position,Safety K Velocity
base_link,-0.000131636297794613,7.02596914331499E-06,0.0338094687504245,0,0,0,1.66666556846865,0.00437827187549648,2.14594480928234E-07,-2.49805098024731E-07,0.00439499346492318,3.35617230888551E-11,0.00870904082678681,0,0,0,0,0,0,package://robot_model/meshes/base_link.STL,0.898039215686275,0.92156862745098,0.929411764705882,1,0,0,0,0,0,0,package://robot_model/meshes/base_link.STL,,四轴无刷伺服机械臂实验12-1/CNC-111-1;四轴无刷伺服机械臂实验12-1/采购—底座垫脚-10;四轴无刷伺服机械臂实验12-1/采购—底座垫脚-9;四轴无刷伺服机械臂实验12-1/采购—底座垫脚-11;四轴无刷伺服机械臂实验12-1/采购—底座垫脚-8;四轴无刷伺服机械臂实验12-1/CNC-11-1;四轴无刷伺服机械臂实验12-1/V3电机-2,坐标系2,,,,0,0,0,0,0,0,,0,0,0,,,,,,,,,,,,
link0,0.000363629284852396,-8.01265831462672E-10,0.0457448426539982,0,0,0,0.666445201573647,0.000412550019033174,-1.68900279961288E-11,-2.32575027080551E-06,0.00062372122843286,3.05398155355703E-12,0.000553779193680589,0,0,0,0,0,0,package://robot_model/meshes/link0.STL,0.898039215686275,0.92156862745098,0.929411764705882,1,0,0,0,0,0,0,package://robot_model/meshes/link0.STL,,四轴无刷伺服机械臂实验12-1/CNC-01-1;四轴无刷伺服机械臂实验12-1/V3电机-4;四轴无刷伺服机械臂实验12-1/V3电机-5;四轴无刷伺服机械臂实验12-1/hexagon socket head cap screws gb-55;四轴无刷伺服机械臂实验12-1/hexagon socket head cap screws gb-54;四轴无刷伺服机械臂实验12-1/hexagon socket head cap screws gb-61;四轴无刷伺服机械臂实验12-1/hexagon socket head cap screws gb-60;四轴无刷伺服机械臂实验12-1/hexagon socket head cap screws gb-53;四轴无刷伺服机械臂实验12-1/hexagon socket head cap screws gb-59,坐标系3,基准轴4,joint0,revolute,0,1.13891484690432E-05,0.0984999999999997,0,0,0,base_link,0,0,1,100,4.71,-3.14,3.14,,,,,,,,
link1,0.110344757740114,-0.0155985786176479,0.00660482093940962,0,0,0,0.288278803730323,0.000125606334117149,2.53496493533052E-05,1.08830488413022E-06,0.00208095895946204,-5.26803978870406E-07,0.00220149060357264,0,0,0,0,0,0,package://robot_model/meshes/link1.STL,0.898039215686275,0.92156862745098,0.929411764705882,1,0,0,0,0,0,0,package://robot_model/meshes/link1.STL,,四轴无刷伺服机械臂实验12-1/CNC-0 4-1;四轴无刷伺服机械臂实验12-1/CNC-05-2;四轴无刷伺服机械臂实验12-1/零件1-2;四轴无刷伺服机械臂实验12-1/零件1-3;四轴无刷伺服机械臂实验12-1/CNC-08-3;四轴无刷伺服机械臂实验12-1/CNC-03-2;四轴无刷伺服机械臂实验12-1/CNC-102-1;四轴无刷伺服机械臂实验12-1/CNC-102-2,坐标系4,基准轴5,joint1,revolute,0,0,0.0615000000000387,1.5707963267949,-0.872664625997169,0,link0,0,0,-1,100,4.71,-3.14,3.14,,,,,,,,
link2,0.141071851982991,-0.00767566722177665,0.000783713211009396,0,0,0,0.284369824866304,0.00010683278891044,1.81184652662601E-05,-1.07545193212654E-05,0.00104342416774835,-2.27065914728887E-06,0.0011056018945833,0,0,0,0,0,0,package://robot_model/meshes/link2.STL,0.898039215686275,0.92156862745098,0.929411764705882,1,0,0,0,0,0,0,package://robot_model/meshes/link2.STL,,四轴无刷伺服机械臂实验12-1/水平电机座2-2;四轴无刷伺服机械臂实验12-1/水平电机底座2-1-1;四轴无刷伺服机械臂实验12-1/hts电机-1;四轴无刷伺服机械臂实验12-1/CNC-13-1;四轴无刷伺服机械臂实验12-1/CNC-19-2,坐标系5,基准轴6,joint2,revolute,0.249999999999947,0,0,-0.0426463239013774,0.0126960393145572,2.55810516514623,link1,-0.0126956982394545,-0.0426299622216388,0.999010262993927,100,4.71,-3.14,3.14,,,,,,,,
link3,-0.00205209217931762,-0.0472393303562962,0.00584737011822278,0,0,0,0.0930254450193935,2.62720050229778E-05,-1.96866575858347E-07,-1.28268168149755E-07,2.89394359107394E-05,-3.86022747893895E-06,2.9072487581479E-05,0,0,0,0,0,0,package://robot_model/meshes/link3.STL,0.792156862745098,0.819607843137255,0.933333333333333,1,0,0,0,0,0,0,package://robot_model/meshes/link3.STL,,四轴无刷伺服机械臂实验12-1/水平电机连接板-1;四轴无刷伺服机械臂实验12-1/脉塔电机1-2;四轴无刷伺服机械臂实验12-1/脉塔电机2-1;四轴无刷伺服机械臂实验12-1/hexagon socket head cap screws gb-64,坐标系6,基准轴9,joint3,revolute,0.2363,0,0,-0.044495,0,2.8521,link2,0,0,1,100,4.71,-3.14,3.14,,,,,,,,
link4,-0.0116593849682437,-0.000312358319448425,-0.0419154123769662,0,0,0,0.103368342191545,3.40939528292563E-05,-1.33662834284005E-09,6.92160848237382E-08,2.51079263870249E-05,1.48640433667129E-07,2.95023857668393E-05,0,0,0,0,0,0,package://robot_model/meshes/link4.STL,0.298039215686275,0.298039215686275,0.298039215686275,1,0,0,0,0,0,0,package://robot_model/meshes/link4.STL,,四轴无刷伺服机械臂实验12-1/采购—mini夹爪-1;四轴无刷伺服机械臂实验12-1/零件2-1;四轴无刷伺服机械臂实验12-1/零件3-1;四轴无刷伺服机械臂实验12-1/Intel_RealSense_Depth_Camera_D435.STEP-1/000_TA_DS5_DEV_KIT_AWG_RGB_ASM__ASM.STEP-1/REAR_COVER_SUBASSY_AWG_W_RGB_AS_ASM.STEP-1/REAR_COVER_ALUMINUM_AWG_RGB_121.STEP-1;四轴无刷伺服机械臂实验12-1/Intel_RealSense_Depth_Camera_D435.STEP-1/000_TA_DS5_DEV_KIT_AWG_RGB_ASM__ASM.STEP-1/AUX_COVER_SUBASSY_AWG_W_RGB_ASM_ASM.STEP-1/AUX_COVER_ALUMINUM_AWG_W_RGB_61.STEP-1;四轴无刷伺服机械臂实验12-1/Intel_RealSense_Depth_Camera_D435.STEP-1/000_TA_DS5_DEV_KIT_AWG_RGB_ASM__ASM.STEP-1/LENS_COVER_SUBASSY_AWG_W_RGB_AS_ASM.STEP-1/LENS_MASK_AWG_RGB_ASM_6_ASM.STEP-1/LENS_COVER_AWG_RGB_44.STEP-1;四轴无刷伺服机械臂实验12-1/Intel_RealSense_Depth_Camera_D435.STEP-1/000_TA_DS5_DEV_KIT_AWG_RGB_ASM__ASM.STEP-1/BARCODE_AWG_8.STEP-1;四轴无刷伺服机械臂实验12-1/Intel_RealSense_Depth_Camera_D435.STEP-1/000_TA_DS5_DEV_KIT_AWG_RGB_ASM__ASM.STEP-1/FRONT_COVER_ALUMINUM_AWG_W_RGB_.STEP-1,坐标系7,基准轴10,joint4,revolute,0,-0.06,0.003,-1.5708,0,0,link3,0,0,-1,100,4.71,-3.14,3.14,,,,,,,,
link5,0.00474999999999998,-0.00100000000000211,0.0288668314717897,0,0,0,0.019352363175795,1.067099283993E-05,2.51356317742419E-22,3.69172823560365E-20,1.04430267545089E-05,3.36695596533583E-20,5.11528560189935E-07,0,0,0,0,0,0,package://robot_model/meshes/link5.STL,0.298039215686275,0.298039215686275,0.298039215686275,1,0,0,0,0,0,0,package://robot_model/meshes/link5.STL,,四轴无刷伺服机械臂实验12-1/采购—mini夹爪夹头-1;四轴无刷伺服机械臂实验12-1/采购—mini夹爪夹头-4,坐标系8,,joint5,fixed,-0.00355,0.001,-0.11365,0,0,0,link4,0,0,0,,,,,,,,,,,,
camera_link,0.00104272897382057,0.00414306828907618,0.012121995721127,0,0,0,0.0100342082429161,6.54105953770491E-06,-1.08039447785454E-07,-9.3597651292331E-09,4.38200169313778E-07,-2.70958970491522E-09,6.26627356918872E-06,0,0,0,0,0,0,package://robot_model/meshes/camera_link.STL,1,1,1,1,0,0,0,0,0,0,package://robot_model/meshes/camera_link.STL,,四轴无刷伺服机械臂实验12-1/Intel_RealSense_Depth_Camera_D435.STEP-1/000_TA_DS5_DEV_KIT_AWG_RGB_ASM__ASM.STEP-1/HEATSINK_AWG_W_RGB_24.STEP-1,坐标系10,Axis_camera_joint,camera_joint,fixed,-0.0334500000000004,-0.001,0.0795962742299688,3.14159265358979,1.5707963267949,0,link5,0,0,0,,,,,,,,,,,,
